,train_f1_score,test_f1_score
dummy_classifier,0.0,0.0
svc,0.407,0.4031791907514451
knn,0.461,0.4437927663734115
logistic_regression,0.482,0.4666292765002803
random_forest,0.542,0.5383767903048108
